Name,Designation,Qualifier
The Abyssinians,Reggae,Artist
The Aces,Reggae,Artist
Glen Adams,Reggae,Artist
Admiral T,Reggae,Artist
Yasus Afari,Reggae,Artist
African Brothers,Reggae,Artist
The Aggrovators,Reggae,Artist
Aisha,Reggae,Artist
Bobby Aitken,Reggae,Artist
Laurel Aitken,Reggae,Artist
Alaine,Reggae,Artist
Alborosie,Reggae,Artist
Dennis Alcapone,Reggae,Artist
Alozade,Reggae,Artist
Alpha & Omega,Reggae,Artist
Roland Alphonso,Reggae,Artist
Althea & Donna,Reggae,Artist
Al Anderson,Reggae,Artist
Lynford Anderson aka 'Andy Capp',Reggae,Artist
Bob Andy,Reggae,Artist
Horace Andy,Reggae,Artist
Mike Anthony,Reggae,Artist
Patrick Andy,Reggae,Artist
Anthony B,Reggae,Artist
Apache Indian,Reggae,Artist
Marlon Asher,Reggae,Artist
Aswad,Reggae,Artist
Audio Active,Reggae,Artist
Baba Brooks,Reggae,Artist
Baby Cham,Reggae,Artist
Baby Wayne,Reggae,Artist
Bad Brains,Reggae,Artist
Admiral Bailey,Reggae,Artist
Spanner Banner,Reggae,Artist
Buju Banton,Reggae,Artist
Burro Banton,Reggae,Artist
Mega Banton,Reggae,Artist
Pato Banton,Reggae,Artist
Starkey Banton,Reggae,Artist
Dave Barker,Reggae,Artist
Theophilus Beckford,Reggae,Artist
Bedouin Soundclash,Reggae,Artist
Beenie Man,Reggae,Artist
Nayanka Bell,Reggae,Artist
Lorna Bennett,Reggae,Artist
Spragga Benz,Reggae,Artist
Beshara,Reggae,Artist
Big Joe,Reggae,Artist
Big Mountain,Reggae,Artist
Big Youth,Reggae,Artist
Barry Biggs,Reggae,Artist
Black Roots,Reggae,Artist
The Black Seeds,Reggae,Artist
Black Slate,Reggae,Artist
The Blackstones,Reggae,Artist
Black Uhuru,Reggae,Artist
Everton Blender,Reggae,Artist
Alpha Blondy,Reggae,Artist
Blue Riddim Band,Reggae,Artist
The Blues Busters,Reggae,Artist
Yami Bolo,Reggae,Artist
Bongo Herman,Reggae,Artist
Barry Boom,Reggae,Artist
Ken Boothe,Reggae,Artist
Born Jamericans,Reggae,Artist
Bounty Killer,Reggae,Artist
Dennis Bovell aka Blackbeard,Reggae,Artist
Andru Branch,Reggae,Artist
Brick & Lace,Reggae,Artist
Annette Brissett,Reggae,Artist
Peter Broggs,Reggae,Artist
Cedric Brooks,Reggae,Artist
Mike Brooks,Reggae,Artist
Barry Brown,Reggae,Artist
Dennis Brown,Reggae,Artist
Foxy Brown,Reggae,Artist
Glen Brown,Reggae,Artist
Junior Brown,Reggae,Artist
Prezident Brown,Reggae,Artist
U Brown,Reggae,Artist
Buccaneer,Reggae,Artist
Burning Spear,Reggae,Artist
Bushman,Reggae,Artist
Busy Signal,Reggae,Artist
Junior Byles,Reggae,Artist
Cultura Profética,Reggae,Artist
The Cables,Reggae,Artist
Susan Cadogan,Reggae,Artist
Al Campbell,Reggae,Artist
Cornell Campbell,Reggae,Artist
Don Campbell,Reggae,Artist
Martin Campbell,Reggae,Artist
Icho Candy,Reggae,Artist
Capleton,Reggae,Artist
Captain Sinbad,Reggae,Artist
Don Carlos,Reggae,Artist
Carlton and The Shoes,Reggae,Artist
Lacksley Castell,Reggae,Artist
Chalice,Reggae,Artist
The Chantells,Reggae,Artist
Charlie Chaplin,Reggae,Artist
Lloyd Charmers,Reggae,Artist
Tony Chin,Reggae,Artist
The Chosen Few,Reggae,Artist
Christafari,Reggae,Artist
Geoffrey Chung,Reggae,Artist
Mikey Chung,Reggae,Artist
Tami Chynn,Reggae,Artist
The Cimarons,Reggae,Artist
The Clarendonians,Reggae,Artist
"Augustus ""Gussie"" Clarke",Reggae,Artist
Johnny Clarke,Reggae,Artist
The Clash,Reggae,Artist
Jimmy Cliff,Reggae,Artist
Cocoa Tea,Reggae,Artist
Stranger Cole,Reggae,Artist
Collie Buddz,Reggae,Artist
Ansell Collins,Reggae,Artist
The Congos,Reggae,Artist
Joseph Cotton,Reggae,Artist
Count Ossie,Reggae,Artist
Tommy Cowan,Reggae,Artist
Culcha Candela,Reggae,Artist
Culture,Reggae,Artist
Daab,Reggae,Artist
Daddy Freddy,Reggae,Artist
Daddy Screw,Reggae,Artist
Tonton David,Reggae,Artist
Da'Ville,Reggae,Artist
Ronnie Davis,Reggae,Artist
Nora Dean,Reggae,Artist
Desmond Dekker,Reggae,Artist
Del Arno Band,Reggae,Artist
Junior Delgado,Reggae,Artist
Chaka Demus & Pliers,Reggae,Artist
Dillinger,Reggae,Artist
Phyllis Dillon,Reggae,Artist
Dobby Dobson,Reggae,Artist
Eric Donaldson,Reggae,Artist
Dr Alimantado,Reggae,Artist
The Drastics,Reggae,Artist
Mikey Dread,Reggae,Artist
Don Drummond,Reggae,Artist
Dry & Heavy,Reggae,Artist
Dub FX,Reggae,Artist
Dub Incorporation,Reggae,Artist
Lucky Dube,Reggae,Artist
Sly Dunbar,Reggae,Artist
Errol Dunkley,Reggae,Artist
The Dynamites,Reggae,Artist
Earl Sixteen,Reggae,Artist
Clint Eastwood,Reggae,Artist
Easy Star All*Stars,Reggae,Artist
Clancy Eccles,Reggae,Artist
Jackie Edwards,Reggae,Artist
Rupie Edwards,Reggae,Artist
Eek a Mouse,Reggae,Artist
Elephant Man,Reggae,Artist
El General,Reggae,Artist
Alton Ellis,Reggae,Artist
Hortense Ellis,Reggae,Artist
Junior English,Reggae,Artist
The Ethiopians,Reggae,Artist
Jermaine Fagan,Reggae,Artist
Majek Fashek,Reggae,Artist
Fathead,Reggae,Artist
Chuck Fenda,Reggae,Artist
Robert Ffrench,Reggae,Artist
Edi Fitzroy,Reggae,Artist
Sharon Forrester,Reggae,Artist
Dean Fraser,Reggae,Artist
Lutan Fyah,Reggae,Artist
Boris Gardiner,Reggae,Artist
The Gaylads,Reggae,Artist
General Echo,Reggae,Artist
General Levy,Reggae,Artist
General Trees,Reggae,Artist
Gentleman,Reggae,Artist
Sophia George,Reggae,Artist
The Gladiators,Reggae,Artist
Deborahe Glasgow,Reggae,Artist
Vin Gordon,Reggae,Artist
Eddy Grant,Reggae,Artist
Rudy Grant,Reggae,Artist
Owen Gray,Reggae,Artist
Winston Grennan,Reggae,Artist
Greyhound,Reggae,Artist
Marcia Griffiths,Reggae,Artist
Winston Groovy,Reggae,Artist
Groundation,Reggae,Artist
Gyptian,Reggae,Artist
Haha,Reggae,Artist
Half Pint,Reggae,Artist
Audrey Hall,Reggae,Artist
Beres Hammond,Reggae,Artist
Derrick Harriott,Reggae,Artist
Josh Heinrichs,Reggae,Artist
The Heptones,Reggae,Artist
Herbs,Reggae,Artist
Lennie Hibbert,Reggae,Artist
Joe Higgs,Reggae,Artist
Justin Hinds,Reggae,Artist
The Hippy Boys,Reggae,Artist
Errol Holt,Reggae,Artist
John Holt,Reggae,Artist
Honey Boy,Reggae,Artist
Keith Hudson,Reggae,Artist
Peter Hunnigale,Reggae,Artist
Clive Hunt,Reggae,Artist
Sheila Hylton,Reggae,Artist
Ijahman Levi,Reggae,Artist
Inner Circle,Reggae,Artist
I-Roy,Reggae,Artist
I-Threes,Reggae,Artist
The In Crowd,Reggae,Artist
Iration,Reggae,Artist
Tippa Irie,Reggae,Artist
Welton Irie,Reggae,Artist
Devon Irons,Reggae,Artist
Gregory Isaacs,Reggae,Artist
Israel Vibration,Reggae,Artist
The Itals,Reggae,Artist
I-Wayne,Reggae,Artist
Jah Cure,Reggae,Artist
Jah Lion aka Jah Lloyd,Reggae,Artist
Jah Roots,Reggae,Artist
Jah Shaka,Reggae,Artist
Jah Stitch,Reggae,Artist
Jah Woosh,Reggae,Artist
Jah Warrior,Reggae,Artist
Jamal,Reggae,Artist
David Jahson,Reggae,Artist
Winston Jarrett,Reggae,Artist
J.O.E.,Reggae,Artist
Anthony Johnson,Reggae,Artist
Linton Kwesi Johnson,Reggae,Artist
Judge Dread,Reggae,Artist
Katchafire,Reggae,Artist
Janet Kay,Reggae,Artist
Ini Kamoze,Reggae,Artist
Junior Kelly,Reggae,Artist
Pat Kelly,Reggae,Artist
Kiddus I,Reggae,Artist
Diana King,Reggae,Artist
Jigsy King,Reggae,Artist
King Sounds,Reggae,Artist
King Stitt,Reggae,Artist
King Tubby,Reggae,Artist
Sean Kingston,Reggae,Artist
Knowledge,Reggae,Artist
Lady Saw,Reggae,Artist
"Eric ""Bingy Bunny"" Lamont",Reggae,Artist
Byron Lee,Reggae,Artist
Barrington Levy,Reggae,Artist
Hopeton Lewis,Reggae,Artist
Aura Lewis,Reggae,Artist
Lieutenant Stitchie,Reggae,Artist
Little John,Reggae,Artist
Little Kevin,Reggae,Artist
Little Roy,Reggae,Artist
Dandy Livingstone,Reggae,Artist
Jah Lloyd,Reggae,Artist
Fred Locks,Reggae,Artist
Locomondo,Reggae,Artist
June Lodge,Reggae,Artist
Jimmy London,Reggae,Artist
Lone Ranger,Reggae,Artist
Luciano,Reggae,Artist
Bob Marley,Reggae,Artist
Mad Cobra,Reggae,Artist
Mad Lion,Reggae,Artist
Mad Professor,Reggae,Artist
Mafia & Fluxy,Reggae,Artist
Carl Malcolm,Reggae,Artist
Macka B,Reggae,Artist
Damian Marley,Reggae,Artist
"Damian ""Junior Gong"" Marley",Reggae,Artist
Julian Marley,Reggae,Artist
Ky-Mani Marley,Reggae,Artist
Rita Marley,Reggae,Artist
Stephen Marley,Reggae,Artist
Ziggy Marley,Reggae,Artist
Larry Marshall,Reggae,Artist
Wayne Marshall,Reggae,Artist
"Steven ""Lenky"" Marsden",Reggae,Artist
Junior Marvin,Reggae,Artist
Jah Mason,Reggae,Artist
Massive Dread,Reggae,Artist
Matisyahu,Reggae,Artist
Matumbi,Reggae,Artist
Mavado,Reggae,Artist
The Maytals,Reggae,Artist
The Maytones,Reggae,Artist
Tommy McCook,Reggae,Artist
Freddie McGregor,Reggae,Artist
Freddie McKay,Reggae,Artist
Bitty McLean,Reggae,Artist
Enos McLeod,Reggae,Artist
Me & You,Reggae,Artist
The Meditations,Reggae,Artist
The Melodians,Reggae,Artist
Peter Metro,Reggae,Artist
The Mexicano,Reggae,Artist
Michigan & Smiley,Reggae,Artist
Midnite,Reggae,Artist
The Mighty Diamonds,Reggae,Artist
Jacob Miller,Reggae,Artist
Millie,Reggae,Artist
Sugar Minott,Reggae,Artist
Mishka,Reggae,Artist
Misty in Roots,Reggae,Artist
Jackie Mittoo,Reggae,Artist
Fantan Mojah,Reggae,Artist
Derrick Morgan,Reggae,Artist
Morgan Heritage,Reggae,Artist
The Morwells,Reggae,Artist
Pablo Moses,Reggae,Artist
Judy Mowatt,Reggae,Artist
Mr. Vegas,Reggae,Artist
Hugh Mundell,Reggae,Artist
Junior Murvin,Reggae,Artist
Musical Youth,Reggae,Artist
Mutabaruka,Reggae,Artist
Cedric Myton,Reggae,Artist
Nando Boom,Reggae,Artist
Johnny Nash,Reggae,Artist
Natiruts,Reggae,Artist
Natural Black,Reggae,Artist
Nicodemus,Reggae,Artist
Nigger Kojak,Reggae,Artist
Ninjaman,Reggae,Artist
Nitty Gritty,Reggae,Artist
George Nooks,Reggae,Artist
No-Maddz,Reggae,Artist
Oku Onuora,Reggae,Artist
Jackie Opel,Reggae,Artist
Johnny Osbourne,Reggae,Artist
Augustus Pablo,Reggae,Artist
Triston Palmer,Reggae,Artist
Pan Head,Reggae,Artist
Papa Dee,Reggae,Artist
Papa San,Reggae,Artist
Paprika Korps,Reggae,Artist
The Paragons,Reggae,Artist
Ken Parker,Reggae,Artist
Lloyd Parks,Reggae,Artist
Frankie Paul,Reggae,Artist
Sean Paul,Reggae,Artist
Dawn Penn,Reggae,Artist
Pepper,Reggae,Artist
"Lee ""Scratch"" Perry",Reggae,Artist
Pinchers,Reggae,Artist
Dwight Pinkney,Reggae,Artist
The Pioneers,Reggae,Artist
Pliers,Reggae,Artist
Jukka Poika,Reggae,Artist
Popcaan,Reggae,Artist
Maxi Priest,Reggae,Artist
Prince Allah,Reggae,Artist
Prince Buster,Reggae,Artist
Prince Far I,Reggae,Artist
Prince Rockbo,Reggae,Artist
Prince Mohammed,Reggae,Artist
Michael Prophet,Reggae,Artist
The Pyramids,Reggae,Artist
Protoje,Reggae,Artist
Finley Quaye,Reggae,Artist
Queen Ifrica,Reggae,Artist
Queen Omega,Reggae,Artist
Raappana (musician),Reggae,Artist
Ernest Ranglin,Reggae,Artist
Ranking Dread,Reggae,Artist
Ranking Joe,Reggae,Artist
Ranking Roger,Reggae,Artist
Cutty Ranks,Reggae,Artist
Shabba Ranks,Reggae,Artist
The Rastafarians,Reggae,Artist
Ras Michael,Reggae,Artist
Ras Midas,Reggae,Artist
Ras Shiloh,Reggae,Artist
Rayvon,Reggae,Artist
Tony Rebel,Reggae,Artist
Rebelution,Reggae,Artist
Red Rat,Reggae,Artist
Winston Reedy,Reggae,Artist
Junior Reid,Reggae,Artist
The Revolutionaries,Reggae,Artist
Rhythm & Sound,Reggae,Artist
Cynthia Richards,Reggae,Artist
Jimmy Riley,Reggae,Artist
Tarrus Riley,Reggae,Artist
Winston Riley,Reggae,Artist
Johnny Ringo,Reggae,Artist
Rico Rodriguez,Reggae,Artist
Max Romeo,Reggae,Artist
Gene Rondo,Reggae,Artist
The Roots Radics,Reggae,Artist
Levi Roots,Reggae,Artist
Michael Rose,Reggae,Artist
The Royals,Reggae,Artist
The Rudies,Reggae,Artist
Bruce Ruffin,Reggae,Artist
Devon Russell,Reggae,Artist
The Ruts,Reggae,Artist
Natasja Saad,Reggae,Artist
Sanchez,Reggae,Artist
Scientist,Reggae,Artist
Errol Scorcher,Reggae,Artist
Scotty,Reggae,Artist
Screwdriver,Reggae,Artist
B.B. Seaton,Reggae,Artist
Seeed,Reggae,Artist
Serani,Reggae,Artist
Shaggy,Reggae,Artist
Bim Sherman,Reggae,Artist
Pluto Shervington,Reggae,Artist
Shinehead,Reggae,Artist
Roy Shirley,Reggae,Artist
Garnett Silk,Reggae,Artist
The Silvertones,Reggae,Artist
Simplicity,Reggae,Artist
Sister Carol,Reggae,Artist
Sister Nancy,Reggae,Artist
Sizzla,Reggae,Artist
The Slickers,Reggae,Artist
Sly and Robbie,Reggae,Artist
Leroy Smart,Reggae,Artist
Smiley Culture,Reggae,Artist
Ernie Smith,Reggae,Artist
Mikey Smith,Reggae,Artist
Slim Smith,Reggae,Artist
Wayne Smith,Reggae,Artist
"Snoop Lion, the stage name for Snoop Dogg's reggae projects",Reggae,Artist
Snow,Reggae,Artist
SOJA,Reggae,Artist
Soul Syndicate,Reggae,Artist
Soul Rebels Brass Band,Reggae,Artist
Spectacular,Reggae,Artist
Mikey Spice,Reggae,Artist
Richie Spice,Reggae,Artist
Steel Pulse,Reggae,Artist
Steely & Clevie,Reggae,Artist
Richie Stephens,Reggae,Artist
Tanya Stephens,Reggae,Artist
Lester Sterling,Reggae,Artist
Roman Stewart,Reggae,Artist
Tinga Stewart,Reggae,Artist
Super Cat,Reggae,Artist
Symarip,Reggae,Artist
Lynn Taitt,Reggae,Artist
The Tamlins,Reggae,Artist
Rod Taylor,Reggae,Artist
The Techniques,Reggae,Artist
The Tennors,Reggae,Artist
Tenor Saw,Reggae,Artist
Tiger,Reggae,Artist
Third World,Reggae,Artist
Jah Thomas,Reggae,Artist
Nicky Thomas,Reggae,Artist
Caroll Thompson,Reggae,Artist
"Kemar Thompson (aka Noncowa, aka Jr. Pinchers)",Reggae,Artist
Lincoln Thompson,Reggae,Artist
Linval Thompson,Reggae,Artist
Eddie Thornton aka 'Tan Tan',Reggae,Artist
Tiken Jah Fakoly,Reggae,Artist
T.O.K.,Reggae,Artist
Tomorrows Bad Seeds,Reggae,Artist
Toots & the Maytals,Reggae,Artist
Andrew Tosh,Reggae,Artist
Peter Tosh,Reggae,Artist
Toyan,Reggae,Artist
Tradition,Reggae,Artist
Tribal Seeds,Reggae,Artist
Tribo de Jah,Reggae,Artist
Trinity,Reggae,Artist
Junior Tucker,Reggae,Artist
Twinkle Brothers,Reggae,Artist
UB40,Reggae,Artist
The Uniques,Reggae,Artist
Unity...the Band,Reggae,Artist
Unity Pacific,Reggae,Artist
The Upsetters,Reggae,Artist
U-Roy,Reggae,Artist
Vavamuffin,Reggae,Artist
Vibronics,Reggae,Artist
The Viceroys,Reggae,Artist
Voice Mail,Reggae,Artist
Vybz Kartel,Reggae,Artist
Wayne Wade,Reggae,Artist
Bunny Wailer,Reggae,Artist
Bob Marley & The Wailers,Reggae,Artist
The Wailing Souls,Reggae,Artist
Josey Wales,Reggae,Artist
Leroy Wallace,Reggae,Artist
Ward 21,Reggae,Artist
E.T. Webster,Reggae,Artist
Caron Wheeler,Reggae,Artist
Worl-A-Girl,Reggae,Artist
Willi Williams,Reggae,Artist
Delroy Wilson,Reggae,Artist
Wingless Angels,Reggae,Artist
Wayne Wonder,Reggae,Artist
"Word, Sound and Power",Reggae,Artist
Winston Wright,Reggae,Artist
Yabby You,Reggae,Artist
Yellowman,Reggae,Artist
Zap Pow,Reggae,Artist
Benjamin Zephaniah,Reggae,Artist
Earl Zero,Reggae,Artist
Tapper Zukie,Reggae,Artist
Mose Allison,Blues,Artist
Little Sammy Davis,Blues,Artist
Terry Garland,Blues,Artist
Larry Garner,Blues,Artist
James Harman,Blues,Artist
Little Willie Littlefield,Blues,Artist
Dave Peabody,Blues,Artist
Sherman Robertson,Blues,Artist
Lavelle White,Blues,Artist
Smokey Wilson,Blues,Artist
"Eddie ""Guitar"" Burns",Blues,Artist
James Cotton,Blues,Artist
Buddy Guy,Blues,Artist
James Montgomery (singer),Blues,Artist
Nick Moss,Blues,Artist
Charlie Musselwhite,Blues,Artist
Otis Rush,Blues,Artist
Eddie Shaw,Blues,Artist
Magic Slim,Blues,Artist
Carl Weathersby,Blues,Artist
Jody Williams,Blues,Artist
Gaye Adegbalola,Blues,Artist
James Anthony,Blues,Artist
Marcia Ball,Blues,Artist
Elvin Bishop,Blues,Artist
Bobby Bland,Blues,Artist
Rory Block,Blues,Artist
The Blues Brothers,Blues,Artist
Roy Book Binder,Blues,Artist
Freddie Brooks,Blues,Artist
Lonnie Brooks,Blues,Artist
Bob Brozman,Blues,Artist
Eric Burdon,Blues,Artist
Jimmy Burns,Blues,Artist
Aron Burton,Blues,Artist
Catfish Keith,Blues,Artist
Eric Clapton,Blues,Artist
Al Copley,Blues,Artist
Robert Cray,Blues,Artist
Johnny Dyer,Blues,Artist
Margie Evans,Blues,Artist
The Fabulous Thunderbirds,Blues,Artist
Billy Flynn,Blues,Artist
Robben Ford,Blues,Artist
Carol Fran,Blues,Artist
Denny Freeman,Blues,Artist
Steve Freund,Blues,Artist
Grady Gaines,Blues,Artist
Roy Gaines,Blues,Artist
Paul Geremia,Blues,Artist
Billy F. Gibbons,Blues,Artist
Peter Green,Blues,Artist
"Guitar Slim, Jr.",Blues,Artist
John P. Hammond,Blues,Artist
Ernie Hawkins,Blues,Artist
Scott Henderson,Blues,Artist
John Dee Holeman,Blues,Artist
James Hunter,Blues,Artist
Long John Hunter,Blues,Artist
Ironing Board Sam,Blues,Artist
Fruteland Jackson,Blues,Artist
Colin James,Blues,Artist
Steve James,Blues,Artist
Jimmy Johnson,Blues,Artist
"Andrew ""Jr. Boy"" Jones",Blues,Artist
Tutu Jones,Blues,Artist
B.B. King,Blues,Artist
Little Freddie King,Blues,Artist
Ernie Lancaster,Blues,Artist
Lady Bianca,Blues,Artist
Alvin Lee,Blues,Artist
Frankie Lee,Blues,Artist
The Legendary Blues Band,Blues,Artist
"John ""Juke"" Logan",Blues,Artist
Lonnie Mack,Blues,Artist
Cash McCall,Blues,Artist
Doug Macleod,Blues,Artist
Janiva Magness,Blues,Artist
Taj Mahal,Blues,Artist
Johnny Mars,Blues,Artist
John Mayall,Blues,Artist
Floyd Miles,Blues,Artist
Keb' Mo',Blues,Artist
Johnny B. Moore,Blues,Artist
Mike Morgan,Blues,Artist
Sam Myers,Blues,Artist
Steve Nardella,Blues,Artist
Sugar Ray Norcia,Blues,Artist
Darrell Nulisch,Blues,Artist
Jimmy Page,Blues,Artist
Rod Piazza,Blues,Artist
Kid Ramos,Blues,Artist
Roy Rogers,Blues,Artist
Roomful of Blues,Blues,Artist
Freddie Roulette,Blues,Artist
Bobby Rush,Blues,Artist
Saffire - The Uppity Blues Women,Blues,Artist
Ken Saydak,Blues,Artist
Seasick Steve,Blues,Artist
Magic Slim,Blues,Artist
Harmonica Shah,Blues,Artist
Drink Small,Blues,Artist
Angela Strehli,Blues,Artist
Mick Taylor,Blues,Artist
Tabby Thomas,Blues,Artist
Ron Thompson,Blues,Artist
George Thorogood,Blues,Artist
Robin Trower,Blues,Artist
Walter Trout,Blues,Artist
Jimmie Vaughan,Blues,Artist
Kazumi Watanabe,Blues,Artist
Stan Webb,Blues,Artist
Lil' Ed Williams,Blues,Artist
Johnny Winter,Blues,Artist
Mitch Woods,Blues,Artist
Alto Reed,Blues,Artist
Grego Anderson,Blues,Artist
James Anthony,Blues,Artist
James Armstrong,Blues,Artist
Gwyn Ashton,Blues,Artist
Dan Auerbach,Blues,Artist
Barrelhouse Chuck,Blues,Artist
Chris Beard,Blues,Artist
Tab Benoit,Blues,Artist
Scott H. Biram,Blues,Artist
Deanna Bogart,Blues,Artist
Joe Bonamassa,Blues,Artist
Pat Boyack,Blues,Artist
Ronnie Baker Brooks,Blues,Artist
Kenny Brown,Blues,Artist
Tommy Castro,Blues,Artist
Claudia Carawan,Blues,Artist
Michael Coleman,Blues,Artist
Joanna Connor,Blues,Artist
Shemekia Copeland,Blues,Artist
Murali Coryell,Blues,Artist
Boo Boo Davis,Blues,Artist
Guy Davis,Blues,Artist
Thornetta Davis,Blues,Artist
Johnny Drummer,Blues,Artist
Chris Duarte,Blues,Artist
Ronnie Earl,Blues,Artist
Tinsley Ellis,Blues,Artist
Sue Foley,Blues,Artist
Anson Funderburgh,Blues,Artist
Anthony Gomes,Blues,Artist
Otis Grand,Blues,Artist
Alvin Youngblood Hart,Blues,Artist
Ron Holloway,Blues,Artist
Rick Holmstrom,Blues,Artist
Colin James,Blues,Artist
"Johnny ""Yard Dog"" Jones",Blues,Artist
"Paul ""Wine"" Jones",Blues,Artist
Gene Kelton,Blues,Artist
Chris Thomas King,Blues,Artist
Davy Knowles,Blues,Artist
Paul Lamb,Blues,Artist
Jonny Lang,Blues,Artist
John Mayer,Blues,Artist
Larry McCray,Blues,Artist
Harry Manx,Blues,Artist
Coco Montoya,Blues,Artist
Bobby Murray,Blues,Artist
Kenny Neal,Blues,Artist
North Mississippi Allstars,Blues,Artist
Blind Mississippi Morris,Blues,Artist
Charlie Parr,Blues,Artist
Kelly Joe Phelps,Blues,Artist
Ana Popović,Blues,Artist
Roxanne Potvin,Blues,Artist
Johnny Rawls,Blues,Artist
Del Rey,Blues,Artist
Matt Schofield,Blues,Artist
Todd Sharpville,Blues,Artist
Kenny Wayne Shepherd,Blues,Artist
Ian Siegal,Blues,Artist
Bobby Sowell,Blues,Artist
Dave Specter,Blues,Artist
Otis Taylor,Blues,Artist
Susan Tedeschi,Blues,Artist
Jimmy Thackery,Blues,Artist
T-Model Ford,Blues,Artist
Derek Trucks,Blues,Artist
Redd Velvet,Blues,Artist
Joe Louis Walker,Blues,Artist
"Kenny ""Blues Boss"" Wayne",Blues,Artist
Jack White,Blues,Artist
Rusty Zinn,Blues,Artist
Alto Reed,Blues,Artist
The Animals,Blues,Artist
Wayne Baker Brooks,Blues,Artist
The Black Keys,Blues,Artist
Black Rebel Motorcycle Club,Blues,Artist
Blues Explosion,Blues,Artist
Robert Bradley's Blackwater Surprise,Blues,Artist
Nick Cave,Blues,Artist
Clutch,Blues,Artist
Bob Dylan,Blues,Artist
The Kinks,Blues,Artist
G. Love & Special Sauce,Blues,Artist
Ben Harper,Blues,Artist
Richard Johnston,Blues,Artist
Norah Jones,Blues,Artist
Chris Thomas King,Blues,Artist
Lenny Kravitz,Blues,Artist
Led Zeppelin,Blues,Artist
Los Lonely Boys,Blues,Artist
Hans Olson,Blues,Artist
Robert Plant,Blues,Artist
Bonnie Raitt,Blues,Artist
The Rolling Stones,Blues,Artist
Thin Lizzy,Blues,Artist
Tom Waits,Blues,Artist
The White Stripes,Blues,Artist
The Who,Blues,Artist
ZZ Top,Blues,Artist
Whitesnake,Blues,Artist
Cuby + Blizzards,Blues,Artist
Oli Brown,Blues,Artist
Eric Burdon,Blues,Artist
Eric Clapton,Blues,Artist
Christian Dozzler,Blues,Artist
Elmore D,Blues,Artist
Peter Green,Blues,Artist
John Kirkbride,Blues,Artist
Davy Knowles,Blues,Artist
Alvin Lee,Blues,Artist
John Mayall,Blues,Artist
Ana Popović,Blues,Artist
Matt Schofield,Blues,Artist
Todd Sharpville,Blues,Artist
Ian Siegal,Blues,Artist
Mick Taylor,Blues,Artist
Hans Theessink,Blues,Artist
Fabio Treves,Blues,Artist
Axel Zwingenberger,Blues,Artist
Nuno Mindelis,Blues,Artist
Carlos Santana,Blues,Artist
A Balladeer,Rock,Artist
A Certain Ratio,Rock,Artist
A Fine Frenzy,Rock,Artist
A Flock Of Seagulls,Rock,Artist
A Girl Called Eddy,Rock,Artist
A Hawk And A Hacksaw,Rock,Artist
A Hope For Home,Rock,Artist
A Perfect Friend,Rock,Artist
A Silent Film,Rock,Artist
A Silver Mt. Zion,Rock,Artist
A-Ha,Rock,Artist
A-Studio,Rock,Artist
A. A. Bondy,Rock,Artist
A1,Rock,Artist
Aaron Neville,Rock,Artist
ABBA,Rock,Artist
ABC,Rock,Artist
Abigail's Ghost,Rock,Artist
Abney Park,Rock,Artist
Abra Moore,Rock,Artist
Absynthe Minded,Rock,Artist
AC/DC,Rock,Artist
Accept,Rock,Artist
Ace Frehley,Rock,Artist
Acid Mothers Temple,Rock,Artist
Ad Astra Per Aspera,Rock,Artist
Ad Frank & The Fast Easy Women,Rock,Artist
Adam Ant,Rock,Artist
Adam Green,Rock,Artist
Addison Road,Rock,Artist
Adem,Rock,Artist
Admiral Twin,Rock,Artist
Adrian Belew,Rock,Artist
Adrian Borland,Rock,Artist
Adrian Orange,Rock,Artist
Aerosmith,Rock,Artist
Against Me!,Rock,Artist
Agalloch,Rock,Artist
Aiden,Rock,Artist
Aids Wolf,Rock,Artist
Aimee Mann,Rock,Artist
Air Supply,Rock,Artist
Airbourne,Rock,Artist
Akcent,Rock,Artist
Akron/Family,Rock,Artist
"Al Di Meola, Paco De Lucia, John Mc Laughlin",Rock,Artist
Al Jarreau,Rock,Artist
Al Stewart,Rock,Artist
Alan Bernhoft,Rock,Artist
Alan Vega,Rock,Artist
Alana Grace,Rock,Artist
Alanis Morissette,Rock,Artist
Alannah Myles,Rock,Artist
Albert Lee,Rock,Artist
Alcatrazz,Rock,Artist
Aldo Nova,Rock,Artist
Alejandra Guzman,Rock,Artist
Alela Diane,Rock,Artist
Alex Lloyd,Rock,Artist
Alexander Rybak,Rock,Artist
Alexz Johnson,Rock,Artist
Algren,Rock,Artist
Ali Campbell,Rock,Artist
Alice Cooper,Rock,Artist
Alice In Chains,Rock,Artist
Alice Peacock,Rock,Artist
Alien Sex Fiend,Rock,Artist
Alio Die & Yannick Dauby,Rock,Artist
Alisha's Attic,Rock,Artist
Alizee,Rock,Artist
All About Eve,Rock,Artist
Allison Iraheta,Rock,Artist
Aloha,Rock,Artist
Alondra Bentley,Rock,Artist
Alphabeat,Rock,Artist
Alphaville,Rock,Artist
Alterkicks,Rock,Artist
Alvin Lee,Rock,Artist
Amanda Jenssen,Rock,Artist
Amazing Baby,Rock,Artist
Amber Asylum,Rock,Artist
Ambrosia,Rock,Artist
Ambulance LTD,Rock,Artist
Amel Bent,Rock,Artist
America,Rock,Artist
Amie Miriello,Rock,Artist
Amiina,Rock,Artist
Amy Grant,Rock,Artist
Amy LaVere,Rock,Artist
Amy MacDonald,Rock,Artist
Amy Studt,Rock,Artist
Anathallo,Rock,Artist
And One,Rock,Artist
And So I Watch You From Afar,Rock,Artist
Andead,Rock,Artist
Andrew W,Rock,Artist
Andromeda,Rock,Artist
Andy Anderson,Rock,Artist
Andy Williams,Rock,Artist
Angel City,Rock,Artist
Angel Taylor,Rock,Artist
Angel Witch,Rock,Artist
Angelfish,Rock,Artist
Angelic Upstarts,Rock,Artist
Angels And Airwaves,Rock,Artist
Angus & Julia Stone,Rock,Artist
Angus Khan,Rock,Artist
Ani DiFranco,Rock,Artist
Animal Collective,Rock,Artist
Animal Farm Project,Rock,Artist
Ann Wilson,Rock,Artist
Anna F,Rock,Artist
Anna Nalick,Rock,Artist
Anne Murray,Rock,Artist
Annie Haslam,Rock,Artist
Annie Lennox,Rock,Artist
Anouk,Rock,Artist
Anthem,Rock,Artist
Anthony Phillips,Rock,Artist
Anya Marina,Rock,Artist
Apollo Sunshine,Rock,Artist
Apoptygma Berzerk,Rock,Artist
April Wine,Rock,Artist
AqME,Rock,Artist
Aranda,Rock,Artist
Architect,Rock,Artist
Arena,Rock,Artist
Aretha Franklin,Rock,Artist
Argent,Rock,Artist
Argyle Johansen,Rock,Artist
Argyle Park,Rock,Artist
Arlo Guthrie,Rock,Artist
Army of Anyone,Rock,Artist
Arno,Rock,Artist
Art Garfunkel,Rock,Artist
Art Of Noise,Rock,Artist
Arthur Brown,Rock,Artist
Aselin Debison,Rock,Artist
Ash,Rock,Artist
Ash Ra Tempel,Rock,Artist
Ashlee Simpson,Rock,Artist
Asia,Rock,Artist
Asian Dub Foundation,Rock,Artist
Aspire,Rock,Artist
Assemble Head In Sunburst Sound,Rock,Artist
Associates,Rock,Artist
Astra,Rock,Artist
Astronautalis,Rock,Artist
Atlanta Rhythm Section,Rock,Artist
Atlantic Starr,Rock,Artist
Atlas Sound,Rock,Artist
Atomic Rooster,Rock,Artist
Audioslave,Rock,Artist
Automatic Man,Rock,Artist
AVALON,Rock,Artist
Avantasia,Rock,Artist
Avion Travel,Rock,Artist
Aviv Geffen,Rock,Artist
Avril Lavigne,Rock,Artist
Awesome Color,Rock,Artist
Axe,Rock,Artist
Axel Rudi Pell,Rock,Artist
Ayo,Rock,Artist
Ayreon,Rock,Artist
Aztec Camera,Rock,Artist
B-52's,Rock,Artist
B. G,Rock,Artist
B. G ,Rock,Artist
B,Rock,Artist
Babe Ruth,Rock,Artist
Baby Animals,Rock,Artist
Babybird,Rock,Artist
Bachman-Turner Overdrive,Rock,Artist
Backstreet Boys,Rock,Artist
Bad Company,Rock,Artist
Bad Company UK,Rock,Artist
Bad English,Rock,Artist
Bad Lieutenant,Rock,Artist
Badfinger,Rock,Artist
Badlands,Rock,Artist
Badly Drawn Boy,Rock,Artist
Bananarama,Rock,Artist
Bang Tango,Rock,Artist
BAP,Rock,Artist
Barbra Streisand,Rock,Artist
Barclay James Harvest,Rock,Artist
Barlowgirl,Rock,Artist
Barnaby Bright,Rock,Artist
Barry Manilow,Rock,Artist
Battles,Rock,Artist
Bauhaus,Rock,Artist
Bay City Rollers,Rock,Artist
BBMak,Rock,Artist
Be Bop Deluxe,Rock,Artist
Beach House,Rock,Artist
Bear In Heaven,Rock,Artist
Beautiful Lies,Rock,Artist
Beck,Rock,Artist
Becky Jane Taylor,Rock,Artist
Bee Gees,Rock,Artist
Before Four,Rock,Artist
Behold,Rock,Artist
Beirut,Rock,Artist
Belinda Carlisle,Rock,Artist
Bellowhead,Rock,Artist
Ben Folds,Rock,Artist
Ben's Brother,Rock,Artist
Benny Joy,Rock,Artist
Berlin,Rock,Artist
Bernd Rinser,Rock,Artist
Bernhard Brink,Rock,Artist
Bert Jansch,Rock,Artist
Bertie Blackman,Rock,Artist
Beth Gibbons & Rustin Man,Rock,Artist
Beth Hart,Rock,Artist
Beth Orton,Rock,Artist
Bette Midler,Rock,Artist
Better Than Ezra,Rock,Artist
Bianca Ryan,Rock,Artist
Bic Runga,Rock,Artist
Big Audio Dynamite,Rock,Artist
Big Bad Voodoo Daddy,Rock,Artist
Big Big Train,Rock,Artist
Big Country,Rock,Artist
Big Fat Snake,Rock,Artist
Big Head Todd & The Monsters,Rock,Artist
Big Star,Rock,Artist
Bigelf,Rock,Artist
Bill Haley,Rock,Artist
Bill Nelson,Rock,Artist
Bill Wyman,Rock,Artist
Billy Bob Thornton,Rock,Artist
Billy Boy On Poison,Rock,Artist
Billy Bragg,Rock,Artist
Billy Bragg & Wilco,Rock,Artist
Billy Idol,Rock,Artist
Billy Joel,Rock,Artist
Billy Ocean,Rock,Artist
Billy Squier,Rock,Artist
Billy Thorpe,Rock,Artist
Biohazard,Rock,Artist
Bird show,Rock,Artist
Bird York,Rock,Artist
Birthday Party,Rock,Artist
Bjork,Rock,Artist
Black,Rock,Artist
Black Angels,Rock,Artist
Black Bonzo,Rock,Artist
Black Dice,Rock,Artist
Black Grape,Rock,Artist
Black Mountain,Rock,Artist
Black Sabbath,Rock,Artist
Black Stone Cherry,Rock,Artist
Blackberry Smoke,Rock,Artist
Blackfoot,Rock,Artist
Blackmore's Night,Rock,Artist
Blackout Beach,Rock,Artist
Blanc Faces,Rock,Artist
Blasted Mechanism,Rock,Artist
Blaudzun,Rock,Artist
Blessed By A Broken Heart,Rock,Artist
Blind,Rock,Artist
Blind Faith,Rock,Artist
Blonde Redhead,Rock,Artist
Blondie,Rock,Artist
"Blood, Sweat & Tears",Rock,Artist
Bloodflowerz,Rock,Artist
Blossom Toes,Rock,Artist
Blue Cheer,Rock,Artist
Blue Floyd,Rock,Artist
Blue October (UK),Rock,Artist
Blue Oyster Cult,Rock,Artist
Blue States,Rock,Artist
Bluejuice,Rock,Artist
Blues Traveler,Rock,Artist
Blur,Rock,Artist
Blutengel,Rock,Artist
Bo Bice,Rock,Artist
Bo Diddley,Rock,Artist
Bob Dylan,Rock,Artist
Bob Geldof,Rock,Artist
Bob Mould,Rock,Artist
Bob Schneider,Rock,Artist
Bob Seger,Rock,Artist
Bob Seger & The Silver Bullet Band,Rock,Artist
Bobaflex,Rock,Artist
Bobby Mcferrin,Rock,Artist
Body Count,Rock,Artist
Bombay Bicycle Club,Rock,Artist
Bon Jovi,Rock,Artist
Bonnie Raitt,Rock,Artist
Bonnie Tyler,Rock,Artist
Boris,Rock,Artist
Boston,Rock,Artist
Boudewijn De Groot,Rock,Artist
Boy George,Rock,Artist
Boyce Avenue,Rock,Artist
Boz Scaggs,Rock,Artist
Brad,Rock,Artist
Brand New Sin,Rock,Artist
Brandi Carlile,Rock,Artist
Brass Castle,Rock,Artist
Bratz,Rock,Artist
Bread,Rock,Artist
Breathe Carolina,Rock,Artist
Brenda Lee,Rock,Artist
Brett Anderson,Rock,Artist
Brian Bromberg,Rock,Artist
Brian Eno,Rock,Artist
Brian Eno & J,Rock,Artist
Brian May,Rock,Artist
Brian Setzer,Rock,Artist
Brian Wilson,Rock,Artist
Bride,Rock,Artist
Brides Of Destruction,Rock,Artist
British India,Rock,Artist
Britney Spears,Rock,Artist
Britny Fox,Rock,Artist
Broadcast & The Focus Group,Rock,Artist
Broadway,Rock,Artist
Brooke White,Rock,Artist
Bros,Rock,Artist
Bruce Dickinson,Rock,Artist
Bruce Hornsby,Rock,Artist
Bruce Hornsby & The Range,Rock,Artist
Bruce Kulick,Rock,Artist
Bruce Springsteen,Rock,Artist
Bruce Springsteen & The E Street Band,Rock,Artist
Brute,Rock,Artist
Bryan Adams,Rock,Artist
Bryan Ferry,Rock,Artist
Bryn Jones,Rock,Artist
Buckcherry,Rock,Artist
Buckethead,Rock,Artist
Buckethead & Friends,Rock,Artist
Buddy Holly,Rock,Artist
Budgie,Rock,Artist
Buffalo Killers,Rock,Artist
Buffalo Springfield,Rock,Artist
Bulletboys,Rock,Artist
Burning Brides,Rock,Artist
Burt Bacharach,Rock,Artist
Burton Cummings,Rock,Artist
Bury Manifold,Rock,Artist
Bury Tomorrow,Rock,Artist
Busted,Rock,Artist
Butch Walker,Rock,Artist
Butch Walker And The Black Widows,Rock,Artist
Buttercup,Rock,Artist
Butthole Surfers,Rock,Artist
Contemporary American,Ethnic,Cuisine
American,Ethnic,Cuisine
Comfort Food,Ethnic,Cuisine
Creole / Cajun / Southern,Ethnic,Cuisine
Barbecue,Ethnic,Cuisine
Pizzeria,Ethnic,Cuisine
Steak,Ethnic,Cuisine
Steakhouse,Ethnic,Cuisine
Italian,Ethnic,Cuisine
Indian,Ethnic,Cuisine
Latin American,Ethnic,Cuisine
Mediterranean,Ethnic,Cuisine
French,Ethnic,Cuisine
Tapas / Small Plates,Ethnic,Cuisine
Belgian,Ethnic,Cuisine
Eastern European,Ethnic,Cuisine
German,Ethnic,Cuisine
Seafood,Ethnic,Cuisine
Asian,Ethnic,Cuisine
Pan-Asian,Ethnic,Cuisine
Contemporary Asian,Ethnic,Cuisine
Burmese,Ethnic,Cuisine
Fusion / Eclectic,Ethnic,Cuisine
Sushi,Ethnic,Cuisine
Japanese,Ethnic,Cuisine
Malaysian,Ethnic,Cuisine
Korean,Ethnic,Cuisine
Vietnamese,Ethnic,Cuisine
Eurasian,Ethnic,Cuisine
Chinese,Ethnic,Cuisine
Dim Sum,Ethnic,Cuisine
The Three Stooges,Comedy,Movies
Police Academy,Comedy,Movies
